<?xml version="1.0" encoding="UTF-8"?>
<APPConfiguration>
    <app_nrf_conf.retry_delay>0</app_nrf_conf.retry_delay>
    <app_adc_conf.safe_start>1</app_adc_conf.safe_start>
    <app_adc_conf.ctrl_type>0</app_adc_conf.ctrl_type>
    <app_nrf_conf.power>3</app_nrf_conf.power>
    <app_adc_conf.voltage_center>2</app_adc_conf.voltage_center>
    <app_adc_conf.voltage_start>0.9</app_adc_conf.voltage_start>
    <app_chuk_conf.tc>0</app_chuk_conf.tc>
    <app_adc_conf.throttle_exp_brake>0</app_adc_conf.throttle_exp_brake>
    <app_chuk_conf.hyst>0.15</app_chuk_conf.hyst>
    <app_adc_conf.throttle_exp_mode>2</app_adc_conf.throttle_exp_mode>
    <app_adc_conf.voltage2_inverted>0</app_adc_conf.voltage2_inverted>
    <app_ppm_conf.ctrl_type>0</app_ppm_conf.ctrl_type>
    <app_chuk_conf.tc_max_diff>3000</app_chuk_conf.tc_max_diff>
    <app_adc_conf.update_rate_hz>500</app_adc_conf.update_rate_hz>
    <app_nrf_conf.crc_type>1</app_nrf_conf.crc_type>
    <app_adc_conf.throttle_exp>0</app_adc_conf.throttle_exp>
    <app_ppm_conf.pulse_center>1.5</app_ppm_conf.pulse_center>
    <app_nrf_conf.address_2>0</app_nrf_conf.address_2>
    <app_ppm_conf.throttle_exp>0</app_ppm_conf.throttle_exp>
    <app_adc_conf.tc_max_diff>3000</app_adc_conf.tc_max_diff>
    <send_can_status_rate_hz>20</send_can_status_rate_hz>
    <app_adc_conf.voltage2_start>0.9</app_adc_conf.voltage2_start>
    <app_uart_baudrate>115200</app_uart_baudrate>
    <app_adc_conf.ramp_time_pos>0.3</app_adc_conf.ramp_time_pos>
    <app_adc_conf.voltage_inverted>0</app_adc_conf.voltage_inverted>
    <app_ppm_conf.safe_start>1</app_ppm_conf.safe_start>
    <app_ppm_conf.ramp_time_neg>0.1</app_ppm_conf.ramp_time_neg>
    <app_adc_conf.rev_button_inverted>0</app_adc_conf.rev_button_inverted>
    <app_chuk_conf.multi_esc>0</app_chuk_conf.multi_esc>
    <app_ppm_conf.throttle_exp_brake>0</app_ppm_conf.throttle_exp_brake>
    <app_nrf_conf.address_1>199</app_nrf_conf.address_1>
    <app_ppm_conf.median_filter>1</app_ppm_conf.median_filter>
    <app_nrf_conf.channel>76</app_nrf_conf.channel>
    <app_ppm_conf.tc_max_diff>3000</app_ppm_conf.tc_max_diff>
    <app_chuk_conf.throttle_exp>0</app_chuk_conf.throttle_exp>
    <app_nrf_conf.address_0>198</app_nrf_conf.address_0>
    <can_baud_rate>2</can_baud_rate>
    <app_ppm_conf.throttle_exp_mode>2</app_ppm_conf.throttle_exp_mode>
    <app_chuk_conf.stick_erpm_per_s_in_cc>3000</app_chuk_conf.stick_erpm_per_s_in_cc>
    <app_adc_conf.use_filter>1</app_adc_conf.use_filter>
    <app_nrf_conf.retries>3</app_nrf_conf.retries>
    <send_can_status>1</send_can_status>
    <app_ppm_conf.pid_max_erpm>15000</app_ppm_conf.pid_max_erpm>
    <app_adc_conf.tc>0</app_adc_conf.tc>
    <app_chuk_conf.ramp_time_pos>0.9</app_chuk_conf.ramp_time_pos>
    <app_adc_conf.multi_esc>0</app_adc_conf.multi_esc>
    <app_adc_conf.voltage2_end>3</app_adc_conf.voltage2_end>
    <timeout_brake_current>3</timeout_brake_current>
    <app_ppm_conf.tc>0</app_ppm_conf.tc>
    <app_ppm_conf.pulse_start>1</app_ppm_conf.pulse_start>
    <app_chuk_conf.throttle_exp_mode>2</app_chuk_conf.throttle_exp_mode>
    <app_adc_conf.voltage_end>3</app_adc_conf.voltage_end>
    <app_ppm_conf.hyst>0.15</app_ppm_conf.hyst>
    <app_adc_conf.ramp_time_neg>0.1</app_adc_conf.ramp_time_neg>
    <controller_id>1</controller_id>
    <app_ppm_conf.ramp_time_pos>0.3</app_ppm_conf.ramp_time_pos>
    <app_chuk_conf.ramp_time_neg>0.3</app_chuk_conf.ramp_time_neg>
    <app_nrf_conf.send_crc_ack>1</app_nrf_conf.send_crc_ack>
    <app_adc_conf.cc_button_inverted>0</app_adc_conf.cc_button_inverted>
    <app_nrf_conf.speed>2</app_nrf_conf.speed>
    <app_ppm_conf.multi_esc>0</app_ppm_conf.multi_esc>
    <app_ppm_conf.pulse_end>2</app_ppm_conf.pulse_end>
    <app_to_use>3</app_to_use>
    <app_chuk_conf.ctrl_type>1</app_chuk_conf.ctrl_type>
    <app_chuk_conf.throttle_exp_brake>0</app_chuk_conf.throttle_exp_brake>
    <timeout_msec>400</timeout_msec>
    <app_adc_conf.hyst>0.15</app_adc_conf.hyst>
</APPConfiguration>
