<?xml version="1.0" encoding="UTF-8"?>
<MCConfiguration>
    <l_temp_motor_start>85</l_temp_motor_start>
    <foc_sl_erpm>2500</foc_sl_erpm>
    <foc_sl_openloop_hyst>0.1</foc_sl_openloop_hyst>
    <hall_table_3>5</hall_table_3>
    <hall_table_7>-1</hall_table_7>
    <s_pid_allow_braking>1</s_pid_allow_braking>
    <motor_loss_torque>0.03</motor_loss_torque>
    <l_abs_current_max>150</l_abs_current_max>
    <hall_table_6>1</hall_table_6>
    <foc_hall_table_5>167</foc_hall_table_5>
    <p_pid_kd>0.0004</p_pid_kd>
    <foc_hall_table_7>255</foc_hall_table_7>
    <s_pid_kd>0.0001</s_pid_kd>
    <pwm_mode>1</pwm_mode>
    <cc_ramp_step_max>0.04</cc_ramp_step_max>
    <motor_quality_magnets>0</motor_quality_magnets>
    <sensor_mode>2</sensor_mode>
    <foc_encoder_inverted>0</foc_encoder_inverted>
    <foc_observer_gain>2.97e+6</foc_observer_gain>
    <foc_motor_r>0.175</foc_motor_r>
    <motor_sensor_type>0</motor_sensor_type>
    <m_invert_direction>1</m_invert_direction>
    <foc_current_filter_const>0.1</foc_current_filter_const>
    <hall_table_0>-1</hall_table_0>
    <l_battery_cut_start>23</l_battery_cut_start>
    <foc_sample_v0_v7>0</foc_sample_v0_v7>
    <sl_phase_advance_at_br>0.8</sl_phase_advance_at_br>
    <l_temp_fet_end>100</l_temp_fet_end>
    <sl_max_fullbreak_current_dir_change>10</sl_max_fullbreak_current_dir_change>
    <foc_encoder_offset>180</foc_encoder_offset>
    <m_dc_f_sw>35000</m_dc_f_sw>
    <l_current_min>-75</l_current_min>
    <foc_hall_table_4>0</foc_hall_table_4>
    <foc_sample_high_current>0</foc_sample_high_current>
    <foc_sl_d_current_duty>0</foc_sl_d_current_duty>
    <foc_motor_flux_linkage>0.018344</foc_motor_flux_linkage>
    <cc_gain>0.0046</cc_gain>
    <foc_temp_comp>0</foc_temp_comp>
    <s_pid_kp>0.004</s_pid_kp>
    <foc_current_kp>0.1643</foc_current_kp>
    <l_temp_fet_start>85</l_temp_fet_start>
    <l_max_erpm_fbrake>300</l_max_erpm_fbrake>
    <hall_table_1>4</hall_table_1>
    <foc_sl_openloop_time>0.1</foc_sl_openloop_time>
    <l_in_current_max>8</l_in_current_max>
    <foc_hall_table_3>102</foc_hall_table_3>
    <foc_duty_dowmramp_kp>10</foc_duty_dowmramp_kp>
    <foc_hall_table_0>255</foc_hall_table_0>
    <foc_hall_table_1>134</foc_hall_table_1>
    <s_pid_ki>0.004</s_pid_ki>
    <foc_hall_table_6>33</foc_hall_table_6>
    <hall_table_4>2</hall_table_4>
    <l_battery_cut_end>22</l_battery_cut_end>
    <p_pid_kp>0.03</p_pid_kp>
    <motor_quality_description>&lt;!DOCTYPE HTML PUBLIC &quot;-//W3C//DTD HTML 4.0//EN&quot; &quot;http://www.w3.org/TR/REC-html40/strict.dtd&quot;&gt;
&lt;html&gt;&lt;head&gt;&lt;meta name=&quot;qrichtext&quot; content=&quot;1&quot; /&gt;&lt;style type=&quot;text/css&quot;&gt;
p, li { white-space: pre-wrap; }
&lt;/style&gt;&lt;/head&gt;&lt;body style=&quot; font-family:'DejaVu Sans'; font-size:11pt; font-weight:400; font-style:normal;&quot;&gt;
&lt;p style=&quot; margin-top:0px; margin-bottom:0px; margin-left:0px; margin-right:0px; -qt-block-indent:0; text-indent:0px;&quot;&gt;Some comments about the motor quality. Images can be added as well.&lt;/p&gt;&lt;/body&gt;&lt;/html&gt;</motor_quality_description>
    <l_max_erpm>40000</l_max_erpm>
    <motor_model>Not Specified</motor_model>
    <motor_poles>14</motor_poles>
    <l_max_erpm_fbrake_cc>1500</l_max_erpm_fbrake_cc>
    <l_watt_max>15000</l_watt_max>
    <l_erpm_start>0.8</l_erpm_start>
    <foc_sl_d_current_factor>0</foc_sl_d_current_factor>
    <motor_quality_bearings>0</motor_quality_bearings>
    <foc_hall_table_2>68</foc_hall_table_2>
    <m_fault_stop_time_ms>500</m_fault_stop_time_ms>
    <foc_pll_kp>2000</foc_pll_kp>
    <sl_min_erpm>150</sl_min_erpm>
    <m_current_backoff_gain>0.5</m_current_backoff_gain>
    <p_pid_ang_div>1</p_pid_ang_div>
    <m_encoder_counts>8192</m_encoder_counts>
    <l_temp_accel_dec>0.15</l_temp_accel_dec>
    <sl_cycle_int_rpm_br>80000</sl_cycle_int_rpm_br>
    <sl_bemf_coupling_k>900</sl_bemf_coupling_k>
    <l_min_duty>0.005</l_min_duty>
    <cc_startup_boost_duty>0.01</cc_startup_boost_duty>
    <l_max_duty>0.95</l_max_duty>
    <s_pid_kd_filter>0.2</s_pid_kd_filter>
    <foc_f_sw>20000</foc_f_sw>
    <foc_current_ki>175.02</foc_current_ki>
    <foc_observer_gain_slow>0.3</foc_observer_gain_slow>
    <p_pid_kd_filter>0.2</p_pid_kd_filter>
    <cc_min_current>0.1</cc_min_current>
    <m_sensor_port_mode>0</m_sensor_port_mode>
    <l_max_vin>57</l_max_vin>
    <l_in_current_min>-8</l_in_current_min>
    <foc_sensor_mode>2</foc_sensor_mode>
    <hall_sl_erpm>2000</hall_sl_erpm>
    <m_bldc_f_sw_min>3000</m_bldc_f_sw_min>
    <m_bldc_f_sw_max>40000</m_bldc_f_sw_max>
    <foc_dt_us>0.08</foc_dt_us>
    <l_min_vin>8</l_min_vin>
    <motor_type>2</motor_type>
    <foc_temp_comp_base_temp>25</foc_temp_comp_base_temp>
    <foc_encoder_ratio>7</foc_encoder_ratio>
    <l_min_erpm>-40000</l_min_erpm>
    <m_ntc_motor_beta>3380</m_ntc_motor_beta>
    <motor_brand>Unnamed</motor_brand>
    <l_slow_abs_current>1</l_slow_abs_current>
    <motor_weight>0</motor_weight>
    <foc_sat_comp>0</foc_sat_comp>
    <hall_table_5>3</hall_table_5>
    <motor_quality_construction>0</motor_quality_construction>
    <s_pid_min_erpm>1</s_pid_min_erpm>
    <m_out_aux_mode>0</m_out_aux_mode>
    <sl_cycle_int_limit>414.55</sl_cycle_int_limit>
    <l_current_max>75</l_current_max>
    <comm_mode>1</comm_mode>
    <hall_table_2>6</hall_table_2>
    <motor_description>&lt;!DOCTYPE HTML PUBLIC &quot;-//W3C//DTD HTML 4.0//EN&quot; &quot;http://www.w3.org/TR/REC-html40/strict.dtd&quot;&gt;
&lt;html&gt;&lt;head&gt;&lt;meta name=&quot;qrichtext&quot; content=&quot;1&quot; /&gt;&lt;style type=&quot;text/css&quot;&gt;
p, li { white-space: pre-wrap; }
&lt;/style&gt;&lt;/head&gt;&lt;body style=&quot; font-family:'DejaVu Sans'; font-size:11pt; font-weight:400; font-style:normal;&quot;&gt;
&lt;p style=&quot; margin-top:0px; margin-bottom:0px; margin-left:0px; margin-right:0px; -qt-block-indent:0; text-indent:0px;&quot;&gt;A motor description can be edited here.&lt;/p&gt;&lt;/body&gt;&lt;/html&gt;</motor_description>
    <l_temp_motor_end>100</l_temp_motor_end>
    <foc_pll_ki>40000</foc_pll_ki>
    <l_watt_min>-15000</l_watt_min>
    <foc_motor_l>0.00016429</foc_motor_l>
    <m_drv8301_oc_adj>18</m_drv8301_oc_adj>
    <m_duty_ramp_step>0.02</m_duty_ramp_step>
    <foc_openloop_rpm>400</foc_openloop_rpm>
    <sl_min_erpm_cycle_int_limit>1100</sl_min_erpm_cycle_int_limit>
    <m_drv8301_oc_mode>0</m_drv8301_oc_mode>
    <foc_duty_dowmramp_ki>200</foc_duty_dowmramp_ki>
    <p_pid_ki>0</p_pid_ki>
</MCConfiguration>
